SeqID,Prediction_Class,Prediction_Probability,Sequence
dbAMP_01779,AMP,0.9975,FIGPIISALASLFG
dbAMP_11786,AMP,0.9964,VIPIVSGLLSSLL
dbAMP_00990,AMP,0.9795,DCTRWIIGINGRICRD
dbAMP_02059,AMP,0.9973,FLPILINLIHKGLL
dbAMP_04824,AMP,0.9996,INWLKLGKKMMSAL
dbAMP_02137,AMP,0.9994,FLPLVTMLLGKLF
dbAMP_01808,AMP,0.9994,FIPLVSGLFSRLL
dbAMP_05248,Non-AMP,0.0061,KQQLATEAESAGPIL
dbAMP_01768,AMP,0.9975,FIGALLRPALKLLAGK
dbAMP_02002,AMP,0.9999,FLPFLAKILTGVL
dbAMP_03284,AMP,0.9938,GLFDIIKNIVSTL
dbAMP_09683,AMP,1.0,NFLGTLINLAKKIM
dbAMP_03274,AMP,0.5512,GLFDIIKKIAESF
dbAMP_01708,AMP,0.9992,FFPLLFGALSSMMPKLF
dbAMP_11270,AMP,0.9999,STNCFCYPCCSCSS
dbAMP_02132,AMP,0.9998,FLPLVGKILSGLI
dbAMP_02997,AMP,0.5251,GIHDILKYGAPS
dbAMP_02187,AMP,0.9996,FLSGIVGMLGKLF
dbAMP_01263,AMP,0.996,DWTAWSALVAAACSVELL
dbAMP_01883,AMP,1.0,FLFSLIPNAISGLLSAFK
dbAMP_01774,AMP,0.9999,FIGKLISAASGLLSHL
dbAMP_02190,AMP,0.9987,FLSIIAKVLGSLF
dbAMP_04121,AMP,0.7658,GTGLPMSERRKIMLMMR
dbAMP_04457,AMP,1.0,HFLGTLVNLAKKIL
dbAMP_03496,AMP,0.9998,GLLDFAKHVIGIASKLG
dbAMP_04195,AMP,0.8229,GVARAVARRGVARAVARR
dbAMP_02655,AMP,1.0,GFLSILKKVLPKVMAHMK
dbAMP_02326,AMP,0.9999,FSLFFPYAALKWLRKLLKK
dbAMP_04799,AMP,0.8708,INMKASAAVAKKLL
dbAMP_02101,AMP,0.9997,FLPLIGKVLSGIL
dbAMP_02703,AMP,1.0,GFVDFLKKVAGTIANVVT
dbAMP_02596,AMP,0.9996,GFGSLLGKALKIGTNLL
dbAMP_01821,AMP,1.0,FITLLLRKFICSITKKC
dbAMP_01850,AMP,0.8389,FKVQNQHGQVVKIFHH
dbAMP_04358,AMP,0.9881,GWKKWFTKGERLSQRHFA
dbAMP_05035,AMP,1.0,KGLKKLLKLLKKLLKL
dbAMP_01227,Non-AMP,0.0003,DTHISEKIIDCNDIG
dbAMP_00502,AMP,0.9971,ARDGYIVDEKGCKFACFIN
dbAMP_02268,AMP,0.9999,FPFLLSLIPSAISAIKRL
dbAMP_02136,AMP,0.9999,FLPLVTGLLSGLL
dbAMP_00301,AMP,0.9998,AKKPVAKKAAGGVKKPKK
dbAMP_04980,AMP,0.84,KDLHTVVSAILQAL
dbAMP_10563,AMP,0.9976,RLFRHAFKAVLRL
dbAMP_02091,AMP,1.0,FLPLIAGLIGKLF
dbAMP_10018,Non-AMP,0.002,PVVDTTGNNPLQQQEEYYV
dbAMP_05096,AMP,0.515,KIMAKPSKFYEQLRGR
dbAMP_03283,AMP,0.998,GLFDIIKNIFSGL
dbAMP_02711,AMP,1.0,GFWGSLWEGVKSVV
dbAMP_11047,AMP,0.9999,SILPTIVSFLSKVF
dbAMP_02224,AMP,0.9995,FLSLIPSLVGGSISAFK
dbAMP_10199,AMP,0.6323,QPDPNAFYGLM
dbAMP_02105,AMP,0.9997,FLPLILRKIVTAL
dbAMP_00730,Non-AMP,0.1062,AVPDVAFNAYG
dbAMP_04321,AMP,0.9986,GWASSIGSILGKFAKGGAQAFLQPK
dbAMP_02708,AMP,0.9996,GFWGKLFKLGLHGIGLLHLHL
dbAMP_01652,AMP,0.9994,FFGSLLSLGSKLLPSVFKLFQRKKE
dbAMP_02682,AMP,1.0,GFMSKVANFAKKFAKGGVNAIMNQK
dbAMP_02129,AMP,1.0,FLPLLLAGLPLKLCFLFKKC
dbAMP_00956,AMP,1.0,CVVSSGWKWNYKIRCKLTGNC
dbAMP_00677,AMP,0.9129,ATRVVYCNRRSGSVVGGDDTVYYEG
dbAMP_04904,AMP,0.9999,ITSFSLCTPGCAKTGSFNSYCC
dbAMP_02825,AMP,1.0,GIFLKVLGVGKKVLCGVSGLC
dbAMP_04382,AMP,0.9997,GWLPTFGKILRKAMQLGPKLIQPI
dbAMP_09967,AMP,0.9976,PPHKKKLAVYPVFLFYLFLSWFSLIV
dbAMP_03640,AMP,1.0,GLLSKFGRLARKLARVIPKV
dbAMP_00571,AMP,0.9988,ASITHVKNRGKYIYMHLKFRKTNVLI
dbAMP_02082,AMP,1.0,FLPLAVSLAANFLPKLFCKITKKC
dbAMP_02636,AMP,1.0,GFLDVVKHIGKAALGAVTHLINQ
dbAMP_01657,AMP,1.0,FFGTLFKLGSKLIPGVMKLFSKKKER
dbAMP_00291,AMP,0.9998,AKAWGIPPHVIPQIVPVRIRPLCGNV
dbAMP_00696,AMP,0.9199,AVAGEKLWLLPHLLKMLLTPTP
dbAMP_04096,Non-AMP,0.1492,GSQLVYREWVGHSNVIKGPP
dbAMP_03792,AMP,0.9999,GLVTGLLKTAGKLLGDLFGSLTG
dbAMP_01658,AMP,1.0,FFGWLIKGAIHAGKAIHGLIHRRRH
dbAMP_01941,AMP,0.9999,FLGSIVGALASALPSLISKIRN
dbAMP_04117,AMP,0.9905,GTFIKQQRKQKQQRHHTSGTRKRMAK
dbAMP_12373,AMP,0.9999,FFRNLWKGAKAAFRAGHAAWRA
dbAMP_02728,AMP,0.9999,GGGVIQTISHECRMNSWQFLFTCCS
dbAMP_02242,AMP,1.0,FLTGVLKLASKIPSVLCAVLKTC
dbAMP_01654,AMP,1.0,FFGSVLKVAAKVLPAALCQIFKKC
dbAMP_09730,AMP,0.9997,NLCASLRARHTIPQCKKFGRR
dbAMP_12355,AMP,0.9997,FFGHLFKLATKIIPSFFRRKNQ
dbAMP_01914,AMP,1.0,FLGGLIKRPPAMICAVRKKC
dbAMP_03898,AMP,1.0,GNGVIKTVSHECKMNTWQFLFTCCS
dbAMP_01704,AMP,1.0,FFPLIAGLAARFLPKIFCSITKRC
dbAMP_02960,AMP,0.9996,GIGKHVGKALKGLKGLLKGLGES
dbAMP_04722,AMP,1.0,ILGPVLGLVGNALGGLLKNL
dbAMP_02400,AMP,1.0,FWGHIWNAVKRVGANALHGAVTGALS
dbAMP_12383,AMP,0.9993,FFGRLKAVFRGARQGWKEHRY
dbAMP_04309,AMP,0.9999,GVWSTILGGLKKFAKGGLDAIVNPK
dbAMP_05294,AMP,0.9879,KRRGSVTTRYQFLMIHLLRPKKLFA
dbAMP_00438,AMP,0.9968,APAHRSSTFPKWVTKTERGRQPLRS
dbAMP_02053,AMP,1.0,FLPILASLAATLGPKLLCLITKKC
dbAMP_00896,AMP,0.9999,CPAIQRCCQQLRNIQPPCRCCQ
dbAMP_01610,AMP,0.9995,FCTCNVKGFNAKNKRGIIYP
dbAMP_10501,AMP,0.9992,RIKRFWPVVIRTVVAGYNLYRAIKKK
dbAMP_09865,AMP,0.9807,PAQPFRFPKHPQGPQTRPPI
dbAMP_04237,AMP,0.9994,GVIDIIKGAGKDLIAHAIGKLAEKV
dbAMP_01501,Non-AMP,0.0024,EQEENVVKIQAFWKGYKQRKEYM
dbAMP_11756,AMP,0.9997,VGRKHSILNCIPYLKKKKIMRL
dbAMP_04826,AMP,0.9998,IPAMEPAARVKRSPGYGGCSPRWACGGYG
dbAMP_11158,AMP,1.0,SLWENFKNAGKQFILNILDKIRCRVAGGCRT
dbAMP_09693,AMP,1.0,NGVIPCGESCVFIPCISTLLGCSKNKVCYR
dbAMP_11722,AMP,0.9996,VFIDILDKVENAIHNAAQVGIGFAKPFEKLINPK
dbAMP_03046,AMP,1.0,GILDTFKNMALNAAKSAGVSVLNALSCKLSKTC
dbAMP_03163,AMP,1.0,GIPCGESCVWIPCLTSAIGCSCKSKVCYKD
dbAMP_01265,AMP,0.9996,DWTCWSCLVCAACSVELLNLVTAATGASTAS
dbAMP_01140,AMP,0.9983,DLRFWNPREKLPLPTLPPFNPKPIYIDMGNRY
dbAMP_11109,AMP,1.0,SLFSLIKAGAKFLGKNLLKQGACYAACKASKQC
dbAMP_03688,AMP,1.0,GLMSTLKDFGKTAAKEIAQSLLSTASCKLAKTC
dbAMP_04377,AMP,0.9999,GWLKKIGKKIERVGQHTRGLGIAQIAANVAATAR
dbAMP_09060,AMP,0.6526,MRKEFHNVLSSGQLLADKRPARDYNRK
dbAMP_03101,AMP,1.0,GIMDSVKGVAKNLAAKLLEKLKCKITGC
dbAMP_00174,AMP,0.9998,AFFARLLASVRAAVKAFAKKPRLIGLSTLL
dbAMP_01733,AMP,1.0,FFVLKFLLKWAGKVGLEHLACKFKNWC
dbAMP_03459,AMP,1.0,GLIDTIKNMALNAAKSAGVSVLNTLSCKLSKTC
dbAMP_03821,AMP,0.9997,GLWNSIKIAGKKLFVNVLDKIRCKVAGGCKTSPDVE
dbAMP_04183,AMP,1.0,GTRCGETCFVLPCWSAKFGCYCQKGFCYRN
dbAMP_11615,AMP,1.0,TWATIGKTIVQSVKKCRTFTCGCSLGSCSNCN
dbAMP_00818,AMP,1.0,CGETCFGGTCNTPGCSCTWPICTRDGLPV
dbAMP_03977,AMP,0.9999,GRFKRFRKKFKKLFKKLSPVIPLLHLG
dbAMP_04042,AMP,1.0,GSAIRCGESCLLGKCYTPGCTCDRPICKKN
dbAMP_00369,AMP,0.9993,ALWFTMLKKLGTMALHAGKAALGAAANTISQGTQ
dbAMP_02786,AMP,1.0,GICACRRRFCLNFEQFSGYCRVNGARYVRCCSRR
dbAMP_11288,AMP,1.0,SVLGTVKDLLIGAGKSAAQSVLTALSCKLSNSC
dbAMP_00081,AMP,0.9999,ACGILHDNCVYVPAQNPCCRGLQCRYGKCLVQV
dbAMP_00819,AMP,1.0,CGETCFTGTCYTNGCTCDPWPVCTRNGLPV
dbAMP_09718,AMP,0.9993,NKGCAICSIGAACLVDGPIPDFEIAGATGLFGLWG
dbAMP_04424,AMP,0.5788,HAEHKVKIGVEQKYGQFPQGTEVTYTCSGNYFLM
dbAMP_11417,AMP,1.0,TFPKCAPTRPPGPKPCDINNFKSKFWHIWRA
dbAMP_04285,AMP,1.0,GVPCGESCVFIPCITGVIGCSCSSNVCYLN
dbAMP_04830,AMP,1.0,IPCGESCVWIPCITAIAGCSCKNKVCYT
dbAMP_03042,AMP,1.0,GILDSLKNLAKNAGQILLNKASCKLSGQC
dbAMP_04328,AMP,0.9976,GWFGKAFRSVSNFYKKHKTYIHAGLSAATLL
dbAMP_03671,AMP,1.0,GLMDTIKGVAKNVAASLLEKLKCKVTGC
dbAMP_03861,AMP,0.9995,GLWSTIKQKGKEAAIAAAKAAGQAALGAL
dbAMP_00784,AMP,1.0,CARLNCVPKGTSGNTETCPCYASLHSCRKYG
dbAMP_02340,AMP,1.0,FTCNSYACKAHCILQGHKSGSCARINLCKCQR
dbAMP_03673,AMP,1.0,GLMDTVKNAAKNLAGQLLDRLKCKITGC
dbAMP_10739,AMP,1.0,RRTCRCRFGRCFRRESYSGSCNINGRIFSLCCR
dbAMP_10810,AMP,0.9873,RTKRRIKLIKNGVKKVKDILKNNNIIILPGSNEK
dbAMP_00815,AMP,0.9999,CGESCVWIPCISAALGCSCKNKVCYRNGIP
dbAMP_00124,AMP,1.0,ACYCRIPACLAGERRYGTCFYRRRVWAFCC
dbAMP_03879,Non-AMP,0.0887,GMLKWKNDFFHFLQVWLLISCQNYFVK
dbAMP_02763,AMP,1.0,GGTIFDCGETCFLGTCYTPGCSCGNYGFCYGTN
dbAMP_04386,AMP,1.0,GWLRKAAKSVGKFYYKHKYYIKAAWQIGKHAL
dbAMP_10969,AMP,1.0,SFLDKFKDVAIGVAKGAGTGVLKALLCKLDNSC
dbAMP_05788,AMP,0.9999,LKIPGFVKDTLKKVAKGIFSAVAGAMTPS
dbAMP_04118,AMP,1.0,GTFPCGESCVFIPCLTSAIGCSCKSKVCYKN
dbAMP_10732,AMP,0.9892,RRSKVRICSRGKNCVSFNDEFIRDHSDGNRFA
dbAMP_04612,AMP,1.0,IGPDTKKCVQRKNACHYFECPWLYYSVGTCYKGKGKCCQKRY
dbAMP_04986,AMP,0.9999,KEICCKELTKPVKCSSDPLCQKLCMEKEKYEDGHCFTILSKCLCMKRCNAKTLATELLA
dbAMP_09029,AMP,1.0,MRIHYLLFTFLLVLLSPLAAFSQKINEPVSCIRNGGICQYRCIGLRHKIGTCGSPFKCCK
dbAMP_00247,AMP,0.9821,AIKLVQSPNGNFAASFVLDGTKWIFKSKYYDSSKGYWVGIYEVWDRK
dbAMP_12379,AMP,1.0,RRFRRTVGLSKFFRKARKKLGKGLQKIKNVLRKYLPRPQYAYA
dbAMP_05296,AMP,0.9998,KRRPAKAWSGRRTRLCCHRVPSPNSTNLKGHHVRLCKPCKLEPEPRLWVVPGALPQV
dbAMP_04218,AMP,1.0,GVFTLIKGATQLIGKTLGKELGKTGLEIMACKITKQC
dbAMP_00437,AMP,1.0,APAGLVAKFGRPIVKKYYKQIMQFIGEGSAINKIIPWIARMWRT
dbAMP_09925,AMP,0.9996,PIRNWWIRIWEWLNGIRKRLRQRSPFYVRGHLNVTSTPQP
dbAMP_11928,AMP,0.9997,VTCDLLSFKGQVNDSACAANCLSLGKAGGHCEKVGCICRKTSFKDLWDKRF
dbAMP_06215,AMP,0.9604,MAGFLKVVQLLAKYGSKAVQWAWANKGKILDWLNAGQAIDWVVSKIKQILGIK
dbAMP_11911,AMP,1.0,VSFPWSCAALSGVCRQGACLPSELYFGPLGCGKGSLCCVSYFL
dbAMP_10571,AMP,0.9999,RLGNFFRKAKKKIGRGLKKIGQKIKDFLGNLVPRTES
dbAMP_10790,AMP,1.0,RTCESQSHKFKGPCASDHNCASVCQTERFSGGRCRGFRRRCFCTTHC
dbAMP_08943,Non-AMP,0.0112,MQKLAEAIAAAVSAGQDKDWGKMGTSIVGIVENGITVLGKIFGF
dbAMP_02872,AMP,1.0,GIFSSRKCKTPSKTFKGICTRDSNCDTSCRYEGYPAGDCKGIRRRCMCSKPC
dbAMP_04006,AMP,0.9988,GRLRNLIEKAGQNIRGKIQGIGRRIKDILKNLQPRPQV
dbAMP_09669,AMP,1.0,NDPEMQYWTCGYRGLCRRFCHAQEYIVGHHGCPRRYRCCAVRS
dbAMP_02857,AMP,1.0,GIFSLFKAGAKFFGKHLLKQAGKAGAEHLACKATNQC
dbAMP_00045,AMP,1.0,AAKPMGITCDLLSLWKVGHAACAAHCLVLGDVGGYCTKEGLCVCKE
dbAMP_00600,AMP,1.0,ATCDILSFQSQWVTPNHAGCALHCVIKGYKGGQCKITVCHCRR
dbAMP_04521,AMP,1.0,HSHACTSYWCGKFCGTASCTHYLCRVLHPGKMCACVHCSR
dbAMP_00973,AMP,0.6757,DAEFRHDSGYEVHHQKLVFFAEDVGSNKGAIIGLMVGGVVIA
dbAMP_10713,AMP,1.0,RRLRPRRPRLPRPRPRPRPRPRSLPLPRPQPRRIPRPILLPWRPPRPIPRPQIQPIPRWL
dbAMP_01096,AMP,1.0,DKLIGSCVWGAVNYTSDCNGECKRRGYKGGYCGSFANVNCWRT
dbAMP_00311,AMP,1.0,AKRGGFWRKVGRKLGKGIRKIGKTIKSQLGKFRPRLQYRYQF
dbAMP_06032,AMP,0.9988,LSKFGGECSLKHNTCTYLKGGKNHVVNCGSAANKKCKSDRHHCEYDEHHKRVDCQTPV
dbAMP_05326,AMP,1.0,KSCCPNTTGRNIYNTCRLTGSSRETCAKLSGCKIISASTCPSNYPK
dbAMP_12376,AMP,0.9997,GSKRWRKFEKRVKKIFEETKEALPVVQGVVAVATAVGRR
dbAMP_05643,AMP,1.0,LDTIKCLQGNNNCHIQKCPWFLLQVSTCYKGKGRCCQKRRWFARSHVYHV
dbAMP_01397,AMP,1.0,EGVRSYLSCWGNRGICLLNRCPGRMRQIGTCLAPRVKCCR
dbAMP_10462,AMP,1.0,RHRHCFSQSHKFVGACLRESNCENVCKTEGFPSGECKWHGIVSKCHCKRIC
dbAMP_00132,Non-AMP,0.0436,ADDKNPLEEFRETNYEVFLEIAKNGLKATSNPKRVVIVGAGMAGLSAAY
dbAMP_09824,AMP,1.0,NTCENLAGSYKGVCFGGCDRHCRTQEGAISGRCRDDFRCWCTKNC
dbAMP_09761,AMP,0.9993,NNEAQCEQAGGICSKDHCFHLHTRAFGHCQRGVPCCRTVYD
dbAMP_01647,Non-AMP,0.0317,FFGHLYRGITSVVKHVHGLLSGETPRQQEVMKEAMREAMKVQEAMDQEAFDRERALV
dbAMP_01030,AMP,0.9999,DFGCARGMIFVCMRRCARMYPGSTGYCQGFRCMCDTMIPIRRPPFIMG
dbAMP_01071,AMP,0.9999,DICTNCCAGTKGCNTTSANGAFICEGQSDPKKPKACPLNCDPHIAYA
dbAMP_04410,AMP,1.0,GYFCPYNGYCDHHCRKKLRWRGGYCGGRWKLTCICVRG
dbAMP_05777,AMP,0.9999,LIGSLFRGAKAIFRGARQGWRSHKAVSRYRARYVRRPVIYYHRVYP
dbAMP_00446,AMP,1.0,APGNKAECEREKGYCGFLKCSFPFVVSGKCSRFFFCCKNIW
dbAMP_01650,AMP,0.9981,FFGRLKSMWRGARGGLKAYKYQKDMAKMNKRYGPNWQQGGGQEPPADAQANDQPP
dbAMP_02772,AMP,1.0,GGYYCPFFQDKCHRHCRSFGRKAGYCGGFLKKTCICV
dbAMP_10931,AMP,0.9994,SDEKASPDRHHRFSLSRYAKLANRLSKWIGNRGNRLANPKLLETFKSV
dbAMP_09705,AMP,1.0,NIGLFTSTCFSSQCFSSKCFTDTCFSSNCFTGRHQCGYTHGSC
dbAMP_05344,AMP,1.0,KSCCRNTVARNCYNVCRIPGTPRPVCAATCDCKLITGTKCPPGYEK
dbAMP_02838,AMP,1.0,GIFSKFGGKAIKNLFIKGAKNIGKEVGMDVIRTGIDVAGCKIKGEC
dbAMP_12270,AMP,1.0,YRGGYTGPIPRPPPIGRPPFRPVCNACYRLSVSDARNCCIKFGSCCHLVK
dbAMP_12385,AMP,0.987,FKFGSFIKRMWRSKLAKKLRAKGKELLRDYANRVLSPEEEAAAPAPYPA
dbAMP_01287,AMP,1.0,ECELAKVDGGYTPKNCAMAVGGGMLSGAIRGGMSGTVFGVGTGNLAGAFAGAHIGLVAGGLACIGGYLGSH
dbAMP_00701,AMP,0.9999,AVDFSSCARMDVPGLSKVAQGLCISSCKFQNCGTGHCEKRGGRPTCVCDRCGRGGGEWPSVPMPKGRSSRGRRHS
dbAMP_06811,AMP,0.9211,METLTVHAPSPSTNLPSYGNGAFSLSAPHVPGAGPLLVQVVYSFFQSPNMCLQALTQLEDYIKKHGASNPLTLQIISTNIGYFCNADRNLVLHPGISVYDAYHFAKPAPSQYDYRSMNMKQMSGNVTTPIVALAHYLWGNGAERSVNIANIGLKISPMKINQIKDIIKSGVVGTFPVSTKFTHATGDYNVITGAYLGNITLKTEGTLTISANGSWTYNGVVRSYDDKYDFNASTHRGIIGESLTRLGAMFSGKEYQILLPGEIHIKESGKRAAHHHHHH
dbAMP_07790,AMP,0.9944,MKCVMIFLVLTLVVLMAEPGEGFFRHLFRGAKAIFRGARQGWRAHKVVSRYRNRDVPETDNNQEEPYNQR
dbAMP_09002,AMP,0.9999,MRAVVVLLLVAVASAKVYDRCELARALKASGMDGYAGNSLPNWVCLSKWESSYNTQATNRNTDGSTDYGIFQINSRYWCDDGRTPGAKNVCGIRCSQLLTADLTVAIRCAKRVVLDPNGIGAWVAWRLHCQNQDLRSYVAGCGV
dbAMP_12225,AMP,0.9998,YLDVKQLANYLLCIGNGQVFNGRKTCQIGCRAVCQQPGCSGYKECEQIPNIRLHKYRCHCNEA
dbAMP_00043,AMP,0.9999,AAKNKKEKGKKGASDCTEWTWGSCIPNSKDCGAGTREGTCKEETRKLKCKIPCNWKKAFGADCKYKFENWGECNATTGQKVRSGTLKKALYNADCQQTVEATKPCSLKTKSKSKGKKGKGKE
dbAMP_09573,AMP,0.9981,MVKENKFSKIFILMALSFLGLALFSASLQFLPIAHMAKEFGIPAAVAGTVLNVVEAGGWVTTIVSILTAVGSGGLSLLAAAGRESIKAYLKKEIKKKGKRAVIAW
dbAMP_10661,AMP,0.9995,RRGKDSGGPKMGRKDSKGCWRGRPGSGSRPGFGSGIAGASGVNHVGTLPASNSTTHPLDNCKISPQ
dbAMP_09350,AMP,0.9993,MSKLVKTLTVDEISKIQTNGGKPAWCWYTLAMCGAGYDSGTCDYMYSHCFGVKHSSGGGGSYHC
dbAMP_12368,AMP,0.9206,QVSMPPGYAEKYPITSQFSRSVRHPRDIHDFVTWDREMGGGKVFGTLGESDQGLFGKGGYNREFFNDDRGKLTGQAYGTRVLGPGGDSTSYGGRLDWANENAKAAIDLNRQIGGSAGIEASASGVWDLGKNTHLSAGGVVSKEFGHRRPDVGLQAQITHEW
dbAMP_09347,AMP,0.9995,MSKKYTQQQYEKYLAQPANNTFGLSPQQVADWFMGQAGARPVINSYGVNASNLVSTYIPKMQEYGVSYTLFLMYTVFEGGGAGNWINHYMYDTGSNGLECLEHDLQYIHGVWETYFPPALSAPECYPATEDNAGALDRFYQSLPGRTWGDVMIPSTMAGNAWVWAYNYCVNNQGAAPLVYFGNPYDSQIDSLLAMGADPFTGGSITGDGKNPSVGTGNATVSASSEANREKLKKALTDLFNNNLEHLSGEFYGNQVLNAMKYGTILKCDLTDDGLNAILQLIADVNLQTNPNPDKPTVQSPGQNDLGSGSDRVAANLANAQAQVGKYIGDGQCYAWVGWWSARVCGYSISYSTGDPMLPLIGDGMNAHSIHLGWDWSIANTGIVNYPVGTVGRKEDLRVGAIWCATAFSGAPFYTGQYGHTGIIESWSDTTVTVLEQNILGSPVIRSTYDLNTFLSTLTGLITFK
dbAMP_10071,AMP,0.9873,QEFYGNCCLGHVKPMKIKGKRIESYRMQETDGDCHISAVVFLIKKKPSHVKQKTICANPQEAWVQELMAAVDSRNPKN
dbAMP_05768,AMP,0.9999,LIDHLGAPRWAVDTILGAIAVGNLASWVLALVPGPGWAVKAGLATAAAIVKHQGKAAAAAW
dbAMP_00286,AMP,0.9999,AITCGQVSSALGPCAAYAKGSGTSPSAGCCSGVKRLAGLARSTADKQATCRCLKSVAGAYNAGRAAGIPSRCGVSVPYTISASVDCSKIH
dbAMP_09349,AMP,0.9995,MSKLVKTLTISEISKAQNNGGKPAWCWYTLAMCGAGYDSGTCDYMYSHCFGIKHHSSGSSSYHC
dbAMP_11549,AMP,0.9754,TSGKAAKKAGKAQKSITKGDKKKRKESYSIYIYKVLKQVHPDTGISSKAMSIMNSFVNDIFERIAAEASRLAHYNKRSTITSREIQTAVRLLLPGELAKHAVSEGTKAVTKYTSSK
dbAMP_09320,AMP,1.0,MSGSHHHHHHSSGIEGRGRSALSCQMCELVVKKYEGSADKDANVIKKDFDAECKKLFHTIPFGTRECDHYVNSKVDPIIHELEGGTAPKDVCTKLNECP
dbAMP_05609,AMP,0.9965,LASTLGISTAAAKKAIDIIDAASTIASIISLIGIVTGAGAISYAIVATAKTMIKKYGKKYAAAW
dbAMP_09451,AMP,0.9998,MTGDCMPVLVLMAAVLTVTGAVPVARLRGALPDARGCHIAQFKSLSPQELQAFKRAKDALEESLLLKDCKCRSRLFPRTWDLRQLQVRERPVALEAELALTLKVLEATADTDPALGDVLDQPLHTLHHILSQLRACIQPQPTAGPRTRGRLHHWLHRLQEAPKKESPGCLEASVTFNLFRLLTRDLNCVASGDLCV
dbAMP_00585,AMP,1.0,ASVVTELRCQCLQTLQGIHLKNIQSVNVRSPGPHCAQTEVIATLKNGKKACLNPASPMVQKIIEKILNKGSTN
dbAMP_04869,AMP,0.9997,ISCKAGRVGCFASCQVQNCATGYCRGSTCVCSRCGKGTTPFNKFKIWNQLRVLVQKMVDEERA
dbAMP_08936,Non-AMP,0.0504,MQIFVKTLTGKTITLEVEPSDTIENVKAKIQDKEGIPPDQQRLIFAGKQLEDGRTLSDYNIQKESTLHLVLRLR
dbAMP_09258,AMP,1.0,MRTLWIMAVLLVGVEGSLFELGKMILQETGKNPAKSYGAYGCNCGVLGRGKPKDATDRCCYVHKCCYKKLTGCDPKKDRYSYSWKDKTIVCGENNPCLKELCECDKAVAICLRENLGTYNKKYRYHLKPFCKKADPC
dbAMP_04054,Non-AMP,0.0752,GSFTMDDISPSELKTILHSKRANLYYLQHCRVLVNGGRVEYVTDEGRHSHYWNIPIANTTSLLLGTGTSITQAAMRELARAGVLVGFCGGGGTPLFSANEVDVEVSWLTPQSEYRPTEYLQRWVGFWFDEEKRLVAARHFQRARLERIRHSWLEDRVLRDAGFAVDATALAVAVEDSARALEQAPNHEHLLTEEARLSKRLFKLAAQATRYGEFVRAKRGSGGDPANRFLDHGNYLAYGLAATATWVLGIPHGLAVLHGKTRRGGLVFDVADLIKDSLILPQAFLSAMRGDEEQDFRQACLDNLSRAQALDFMIDTLKDVAQRSTVSA
dbAMP_00731,AMP,0.9999,AVPLAVPLVYMGASVSPAVWNWLLVTFGAAAVAAAAVTVSDNDSHSCANNRGWCRSRCFSHEYIDSWHSDVCGSYDCCRPRY
dbAMP_06151,AMP,0.9962,MAATHEHSAQWLNNYKKGYGYGPYPLGINGGMHYGVDFFMNIGTPVKAISSGKIVEAGWSNYGGGNQIGLIENDGVHRQWYMHLSKYNVKVGDYVKAGQIIGWSGSTGYSTAPHLHFQRMVNSFSNSTAQDPMPFLKSAGYGKAGGTVTPTPNTGWKTNKYGTLYKSESASFTPNTDIITRTTGPFRSMPQS
dbAMP_09026,AMP,1.0,MRIHYLLFALLFLFLVPVPGHGGIINTLQKYYCRVRGGRCAVLSCLPKEEQIGKCSTRGRKCCRRKK
dbAMP_10093,AMP,0.9997,QGVFEDCCLAYHYPIGWAVLRRAWTYRIQEVSGSCNLPAAIFYLPKRHRKVCGNPKSREVQRAMKLLDARNKVFAKLHHNTQTFQAGPHAVKKLSSGNSKLSSSKFSNPISSSKRNVSLLISANSGL
dbAMP_05267,AMP,0.9991,KRFTRCGLVNELRKQGFDENLMRDWVCLVENESARYTDKIANVNKNGSRDYGLFQINDKYWCSKGSTPGKDCNVTCSQLLTDDITVASTCAKKIYKRTKFDAWSGWDNHCNHSNPDISSC
dbAMP_11143,AMP,0.9987,SLQPGAPNFPMPGSQLPTSITSNIEKQGPNTAATINAQHKTDRYDVGATWSKVIRGPGRSKPNWSIGGTYRW
dbAMP_06507,Non-AMP,0.3003,MASYKVNIPAGPLWSNAEAQQVGPKIAAAHQGNFTGQWTTVVESAMSVVEVELQVENTGIHEFKTDVLAGPLWSNDEAQKLGPQIAASYGAEFTGQWRTIVEGVMSVIQIKYTF
dbAMP_04511,AMP,0.7935,HRIVREYIRKFGLKLNEFVQETENGWYFIKNIRKRVGEVKKDPGLLKYPVKPSEAGKSAGQLYQESLGKAVEELKRTNCSYILNKYDTYSTKEYLIKEGNLSPGAVDMIGDLLNEDSGYYVSFIESLKHDDIFAYEKRFDEIVGGMDQLPTSMYRAIEESVRFKARVIKIQQNAEKVTVTYQTTQKNLLLETVDYVIVCTTSRAARRITFKPPLPPKKAHALRSVHYRSGTKIFLTCTKKFWEDDGIQGGKSTTD
dbAMP_04958,AMP,1.0,KAVAAKKSPKKAKKPATPKKAAKSPKKVKKPAAAAKKAAKSPKKATKAAKPKAAKPKAAKAKKAAPKKK
dbAMP_06081,AMP,0.9973,LVNQLGISKSLANTILGAIAVGNLASWVLALVPGPGWATKAALATAETIVKHEGKAAAIAW
dbAMP_06789,AMP,0.8283,MESKRNKPGKATGKGKPVGDKWLDDAGKDSGAPIPDRIADKLRDKEFKSFDDFRKAVWEEVSKDPELSKNLNPSNKSSVSKGYSPFTPKNQQVGGRKVYELHHDKPISQGGEVYDMDNIRVTTPKRHIDIHRGK
dbAMP_11215,AMP,0.9148,SQLGDLGSGAGQGGGGGGSIRAAGGAFGKLEAAREEEFFYKKQKEQLERLKNDQIHQAEFHHQQIKEHEEAIQRHKDFLNNLHK
dbAMP_06264,AMP,1.0,MAKFASIITLIFAALVLFAAFDAPAMVEAQKLCEKPSGTWSGVCGNSNACKNQCINLEGAKHGSCNYVFPAHKCICYVPC
dbAMP_02521,AMP,0.9996,GFFGNTWKKIKGKADKIMLKKAVKIMVKKEGISKEEAQAKVDAMSKKQIRLYLLKHYGKKLFKKRPKNCDQ
dbAMP_09715,AMP,0.9994,NIVFDVENATPETYSNFLTSLREAVKDKKLTCHGMIMATTLTEQPKYVLVDLKFGSGTFTLAIRRGNLYLEGYSDIYNGKCRYRIFKDSESDAQETVCPGDKSKPGTQNNIPYEKSYKGMESKGGARTKLGLGKITLKSRMGKIYGKDATDQKQYQKNEAEFLLIAVQMVTEASRFKYIENKVKAKFDDANGYQPDPKAISLEKNWDSVSKVIAKVGTSGDSTVTLPGDLKDENNKPWTTATMNDLKNDIMALLTHVTCKVK
dbAMP_00436,AMP,0.936,APAFSVSPASGASDGQSVSVSVAAAGETYYIAQCAPVGGQDACNPATATSFTTDASGAASFSFTVRKSYAGQTPSGTPVGSVDCATDACNLGAGNSGLNLGHVALTFG
dbAMP_07242,AMP,1.0,MFTMKKSLLFLFFLGTISLSLCEEERSADEDDGGEMTEEEVKRGILDTLKQFAKGVGKDLVKGAAQGVLSTVSCKLAKTC
dbAMP_08928,Non-AMP,0.494,MQCNFANSCTGVELYGYILRGDCINEDGHPHATSINLNYYIGNDNGRLEYPGESFGSSCVKTALNDGHTLTASCKGADGQYHDSSMDLNYVVGNSYGYMEPCRASNADHVLKSSSELEHHHHHH
dbAMP_11141,AMP,1.0,SLQPGAPKLPYAWSRKQEGWKFDPSLTRGEDGNTLGSINIHHTGRNHEVGANWNKVIRGPGKAKPTYSIHGSWRW
dbAMP_12370,AMP,0.9976,EVYRSSDYEKEYPIRGLFSKRHPRDVTWDTRMGGGKVFGTLGQNDDGLFGKAGYNREIFNDDRGQLTGQAYGTRVLGPGGDSTNYGGRLDWANKNAQAAIDINRQIGGRSGMTASGSGVWDLDKNTHISAGGMVSKEFGHRRPDVGLQAEIRHEW
dbAMP_09078,AMP,1.0,MRLHHLLLALLFLVLSAGSGFTQGVRNSQSCRRNKGICVPIRCPGSMRQIGTCLGAQVKCCRRK
dbAMP_09043,AMP,1.0,MRILYLLFSVLFLVLQVSPGLSLPQRDMFLCRIGSCHFGRCPIHLVRVGSCFGFRSCCKSPWDV
dbAMP_07432,Non-AMP,0.0503,MGPVNEANCKAAMEIVCRREFGHKEEEDASEGVTTGDPDCPFTKAIPREEYANKYGPTIGDKIRLGDTDLIAEIEKDFALYGDESVFGGGKVI
CUTTED257,Non-AMP,0.0092,ECLADKDNFIEAFHTF
CUTTED577,Non-AMP,0.0008,YSKIVFLHNDRYI
CUTTED1087,Non-AMP,0.0024,NEVGRGQYSAETS
CUTTED758,Non-AMP,0.0014,EAVRIVYDPAVIRYEQ
CUTTED2334,AMP,0.9195,RAKKMKSKKLRKK
CUTTED1739,Non-AMP,0.001,DGDDIYYSLDISIA
CUTTED125,Non-AMP,0.0006,LYTLHANSTRRDTPVLPE
CUTTED970,AMP,0.9512,LIFIAALFHDIAKGRGG
CUTTED1916,Non-AMP,0.0245,SPCPEWLRNLDSR
CUTTED1749,Non-AMP,0.0023,EVLQIKVAQGAKPGEG
CUTTED232,Non-AMP,0.0157,LNRAENTQFAP
CUTTED2319,Non-AMP,0.0007,IVNQSLDRVRQYIAKDL
CUTTED176,AMP,0.8759,TIISYFGFLFGALTLA
CUTTED2147,Non-AMP,0.0095,IGNATVGEKVNFGAGT
CUTTED805,Non-AMP,0.0408,VEFQHADFAAAAAAATAGG
CUTTED266,Non-AMP,0.131,PEGGVHYVAGTGGLGP
CUTTED2166,Non-AMP,0.05,KIFKKMVKLGVVANIHVYN
CUTTED1592,Non-AMP,0.001,IAVGCREAGCALIGGET
CUTTED1123,Non-AMP,0.0012,AAYHSKDKNHLLASA
CUTTED454,Non-AMP,0.341,LKQLETSRYFRCL
CUTTED980,Non-AMP,0.0007,LKRLMDVKAKYDP
CUTTED858,Non-AMP,0.2277,DRGGRPQLYVMGA
CUTTED1189,Non-AMP,0.0026,KADAGTKMIVNIAS
CUTTED1385,Non-AMP,0.0083,AQELRRRAEDYHKCKIPP
CUTTED1766,Non-AMP,0.0003,NFFTIRDVLSHYDAE
CUTTED2091,Non-AMP,0.0472,LQNPNGDANHHGG
CUTTED1659,Non-AMP,0.0011,ERRRELAKLVKKYSE
CUTTED718,Non-AMP,0.4743,VGRKYYHPTWKR
CUTTED1020,Non-AMP,0.0009,LDINSPNLTLDHNFRIS
CUTTED953,Non-AMP,0.3381,TGPSNSFLANM
CUTTED1689,Non-AMP,0.0003,VIAGKAVALKEAMEPEF
CUTTED2188,Non-AMP,0.0458,NPGQIWLKRVIAE
CUTTED214,Non-AMP,0.102,GHVLLNLFNTARRFNMEVQ
CUTTED288,Non-AMP,0.0034,DDKQIEQIIKF
CUTTED95,Non-AMP,0.0043,VNVLALNLTLDGRRP
CUTTED1373,Non-AMP,0.002,RIIEVLEMDISNMP
CUTTED1483,Non-AMP,0.0343,GTQVFRGTGMDSPYLAA
CUTTED2390,Non-AMP,0.0004,FQGLDGILEASLDDI
CUTTED1915,Non-AMP,0.0156,VSIFHGTILFMYVR
CUTTED2199,Non-AMP,0.2355,MVLPTALILLTILALG
CUTTED1348,Non-AMP,0.0179,GKGELIEEEGLLSG
CUTTED375,Non-AMP,0.0973,ERILGKLGELVR
CUTTED1335,Non-AMP,0.0112,IASWYESTRQMAK
CUTTED1079,Non-AMP,0.0007,CSRGELRGIDMDMNHI
CUTTED392,Non-AMP,0.0004,KADSALIRDIKDAI
CUTTED2343,AMP,0.5595,TPQSQGTPHTPRL
CUTTED333,Non-AMP,0.0008,PRDGWWLTNTNDNASDTLG
CUTTED864,Non-AMP,0.0134,FTVAFDPVFDPLLTAVK
CUTTED1106,Non-AMP,0.0163,ARPGIIIGKKGAEVER
CUTTED1273,Non-AMP,0.0065,QPFNPEHHQAISQVPT
CUTTED696,Non-AMP,0.0006,CNLELLASSDPPVWAS
CUTTED2225,Non-AMP,0.0001,KYHVTSANQYYSGEDFW
CUTTED46,Non-AMP,0.0004,LVEEELKNYVEEF
CUTTED842,Non-AMP,0.0004,QQSHDSQDYSSFKIVLFYCMLIVFLP
CUTTED1030,Non-AMP,0.0001,ISSITLPFVENESRARAVKDQIDAIY
CUTTED410,Non-AMP,0.0003,LADQIADKEAADPHDRLASHNT
CUTTED969,Non-AMP,0.0016,AELRDLLERAIIDTPPVLVR
CUTTED1731,Non-AMP,0.0033,AREAFALAAAKLPLATSFVKRTVMM
CUTTED2135,Non-AMP,0.0001,SFISEASFQETARVLAKAALRGRIDW
CUTTED1944,Non-AMP,0.0115,GLLTDKQAGKKGVGGEVLAYVWMT
CUTTED1208,Non-AMP,0.0002,EAHKDWQTLNLIFDALLENRL
CUTTED348,AMP,0.9999,KNGTTSIHLRGYFFCKCVPGF
CUTTED645,Non-AMP,0.0067,FYVELHKLGVNIQCFDVGGGLGV
CUTTED1298,Non-AMP,0.0003,IQQGSVFENLRQQSADALAEIGF
CUTTED426,Non-AMP,0.0598,SIQNDYDEDDYSYYYRPRRPIPQ
CUTTED850,Non-AMP,0.0083,LTQLYGLKYGTLPLVRRTGGLAD
CUTTED1747,Non-AMP,0.0003,IVHQARFFRRQTDSSGKEWW
CUTTED515,Non-AMP,0.0017,IMSLTSEQLESGYSKIHRYC
CUTTED2063,Non-AMP,0.0011,PVLEVKARRVGGSNYQVPIEV
CUTTED2203,Non-AMP,0.0017,TKLEMNGIFLVNKKAGLTSHDIVYQI
CUTTED1065,Non-AMP,0.0103,YNKSEDGDTPDMKCDDMLTCYM
CUTTED749,Non-AMP,0.0095,ASGIYSFLPLGYRVFRKIEQI
CUTTED1146,Non-AMP,0.0003,FVQRLVQDVADKRMTITPQEAL
CUTTED752,Non-AMP,0.0002,NSRLGGSSDVSGHDGQSQVGVGQL
CUTTED690,Non-AMP,0.0003,QEFLITQHAARLNTISQPISDYSDEV
CUTTED1282,Non-AMP,0.0079,LGFTVAGLGSYSREFAREMR
CUTTED1276,Non-AMP,0.0001,WYDAIAPDLMAGRDVLVAAHGNSL
CUTTED2067,Non-AMP,0.002,YMVGSYGPSAQEYEFVTPVEEAPR
CUTTED637,Non-AMP,0.0243,GGKGGSVIFKVDEGLRTLMDFRYNR
CUTTED2048,Non-AMP,0.0006,IEREHQISPGDFPNLKRMQDQLQA
CUTTED651,Non-AMP,0.1844,IAATIMLNWYRWTKSAQIIFVAPTKP
CUTTED1847,Non-AMP,0.0221,MWRQGMFVIPFMTRLGIKDSWSGWN
CUTTED1049,Non-AMP,0.1518,DNGFGAIMLIFSILSLILAPLAASL
CUTTED1992,AMP,0.9867,AWKVACEFEETACCALKHNT
CUTTED1321,Non-AMP,0.0046,VICSVSMEDKVPQFLRNSGTG
CUTTED1732,Non-AMP,0.0058,CTPLLPIYSTSTGNPYLANNATET
CUTTED1644,Non-AMP,0.0011,GNVNDNSPLFEKVACQGVISYDFP
CUTTED92,Non-AMP,0.0007,IEIPKEMELESMIDHNMYKGI
CUTTED275,Non-AMP,0.002,EKIEEGPVTEMNREVYASMFGP
CUTTED309,Non-AMP,0.0123,IAATTTAEVIQEFVHVRARR
CUTTED644,Non-AMP,0.0012,GDHNLQVAKTNATQAIDALT
CUTTED385,Non-AMP,0.0003,LAQPVILEPIMAVEVTTPEDY
CUTTED286,Non-AMP,0.0068,LSPRKVSTCTDHELENHSMY
CUTTED1688,Non-AMP,0.006,IAHILSNGEKRTFKNYKIKRSVRDK
CUTTED1356,Non-AMP,0.0001,TDVTNASRTMLFNIHSLEWDKELC
CUTTED244,Non-AMP,0.0001,VLALEYGDEPAMLALELGDTP
CUTTED489,Non-AMP,0.0008,LYANQTQLTYIINSKYKQTLIHS
CUTTED677,Non-AMP,0.0008,KDRRLEQTDRVTAEQRKRAS
CUTTED1493,Non-AMP,0.0155,VDEEGFDSFLKLIFGQKRKT
CUTTED1159,Non-AMP,0.0002,QELQEVLKGEPVNKENIQKLKK
CUTTED1066,Non-AMP,0.0024,NPIHFGEFSHAHLDAIYAKGNESGDYEIPANYS
CUTTED1637,Non-AMP,0.0337,PEHRFSYVNVATVSGRRGAPPRARRPLVVGLD
CUTTED2383,Non-AMP,0.0094,RRRPQSPASNCMWLEILLASVLGFVIYWFV
CUTTED788,Non-AMP,0.0033,ENAIDSKLESNGVVLAARNNNFHQPMLSPPRNN
CUTTED837,Non-AMP,0.0009,AGMIADGVLINASNPKDFEAAIPLIKKGAEAAG
CUTTED548,Non-AMP,0.0005,VVTIIGNANPDDKVRTVTPADILAEMSY
CUTTED41,AMP,0.8887,RGTGRGGGGGGGGGAPRGRYGPPSRRSENRVV
CUTTED1776,Non-AMP,0.0071,FNLTLKTMMGMEWVYHFCPQTAYVMKTDSDMFV
CUTTED423,Non-AMP,0.0002,TTTSATLGGWATVNSTDYAKVDGGVIKALDE
CUTTED1812,Non-AMP,0.0013,HDIELEIKETGTYTHTEEELIYGAKMAWRN
CUTTED2227,Non-AMP,0.009,SMLGLVTSSNLIQIYIFWELVGVCSYLLIGFWF
CUTTED2396,Non-AMP,0.0102,LKAFEARILGREDNHFAPLVIVGSPLKAC
CUTTED293,Non-AMP,0.0005,MRRPMLPLIQALHQLGIEIETRGNTTVIK
CUTTED280,Non-AMP,0.0001,KQEVRISKERELMALISTAISESLKEQDL
CUTTED477,Non-AMP,0.0271,SNIYPIPDYQAEAVATYFKDHNPPYPYYEG
CUTTED172,Non-AMP,0.0043,PEKPLPNGKGSTESSDYLRVASGPMPVHTTSKR
CUTTED2079,Non-AMP,0.0014,LHPCSDSLDILKALHLLPAAFSPFIWVQVFAEPSN
CUTTED1399,Non-AMP,0.0017,CGDFFTLQAEDIADCVGLYDRAALIALPPQMRA
CUTTED389,Non-AMP,0.0003,LHATVPTHPPIILPLDLSDLNSIGGKVQS
CUTTED972,Non-AMP,0.0055,KLKLLGTDCDHEAMTGQEALARLMQGY
CUTTED2194,Non-AMP,0.0021,QFNLVPRMDVVSNVLHGTLNRRSTLATVFN
CUTTED2123,Non-AMP,0.0006,KGLTAPGLSRDSETGEYRMSHRISPDG
CUTTED121,Non-AMP,0.0002,AIGTGAKAQKDNAVVIGDQAEASFEGGVAIG
CUTTED1643,Non-AMP,0.0001,AEKDLFETFVTEVENLAKEREKTLNMIDKTAFI
CUTTED1075,AMP,0.7086,CISLVVLVALATAASGQLSSTFYDTSCPRALVA
CUTTED1547,Non-AMP,0.1104,TVSIKINPKINLSTPIYVGGIGNAGSNKD
CUTTED2093,Non-AMP,0.0013,SQILLKAVAYEGINVSTTQSPYYSTAILST
CUTTED871,Non-AMP,0.0017,LKEGFYPEPNFVTHVFKNRGNEYDKVKVFS
CUTTED1614,Non-AMP,0.0004,LSAAMGMAIARDLKGTDEYIVPIIGDGALTGGMAL
CUTTED2232,Non-AMP,0.0001,KVLEQLLETVEVPLPEAVVKAEVDAALHDAVHGLD
CUTTED1299,AMP,0.9329,HKAFPNNLCWMHPTDAKKRGLRHGDKVKLITRRG
CUTTED1861,Non-AMP,0.0009,DLIARVGLEALADRYPAELSGGQKQRVG
CUTTED1297,Non-AMP,0.0025,QTTDYQDTVNMLNSLLNAQGVQPTQPPAF
CUTTED1463,Non-AMP,0.0,AGENFWLIPTAEVPLTNLVRESILAEDELP
CUTTED895,Non-AMP,0.0002,YAWTQEQAVLYNGIILAALGVEAVVIFLGVKLLS
CUTTED1324,Non-AMP,0.0568,YVSLSMFGYKADGVGIRRFRTLNGCIDYTFS
CUTTED713,Non-AMP,0.0004,KPSNNRIHRFKEFLQHNGFVTTVRKTRGDDIDA
CUTTED2153,Non-AMP,0.004,LQKVVEDGKQSELEAMCRDWPFFSTRLGMLEM
CUTTED1718,Non-AMP,0.0007,HERDMPYLEKMVQGVKEMGMETCMTLG
CUTTED1443,Non-AMP,0.0001,ADSGHVHTIVDDFLSVTALDDPANIADIN
CUTTED338,Non-AMP,0.0001,ARKPRLIILDEATSALTRSDVEKVFAVLKRLRAEG
CUTTED602,Non-AMP,0.0009,NWVVRYFPPLGSIMILERMQSRFVDFLKTYKCS
CUTTED2023,Non-AMP,0.0006,THGLNVYINGNLPDGAGLSSSASLEML
CUTTED245,Non-AMP,0.0403,GGSKSAALNTAVDAIFNAGITIVVAAGNE
CUTTED1957,Non-AMP,0.0002,FSMLVAAIQFRRLTETLNREGAYTVFAPTNE
CUTTED894,Non-AMP,0.0007,PLVGADLAVMEADTQRMRGGRPYVFTSLRRGD
CUTTED421,Non-AMP,0.0557,NNTFMKQDRLCKLSLLTNMLMCDVLTDTCRFT
CUTTED1043,AMP,1.0,CNCGGSCTCTNCSCKSCKKSCCPCCPSGCT
CUTTED2271,Non-AMP,0.0005,QMSQQLTFKQLEKAQQGDSFDWEAVKKQVKYDD
CUTTED404,Non-AMP,0.0001,YVLAIEKLLGIEPPIRAKYIRTMFDEITR
CUTTED2246,Non-AMP,0.0003,NNNELTTNSNMCDKNNDFSDEFFNNINENDLLYDNKYYRQIFKN
CUTTED2450,Non-AMP,0.0007,NTKKQILEKSSSTPPQVTVATLCSYFQNFVRVLLTDSQGNLSSFEDH
CUTTED1833,Non-AMP,0.0002,LKAMFVDYSMPELEVFESPVANYRMRAEFRIWHEGDDMY
CUTTED1366,Non-AMP,0.0004,GYGFANVPISVKEQWGVLISYYLRNSYNLRLVNLLIDSRRGIKE
CUTTED2150,Non-AMP,0.0009,NDGGVPISNYVVEMRQTDSTTWVELATTVIRTTYKAT
CUTTED2262,AMP,0.6178,RRLLCDAYMCMYQSPTMSLYKVKIGTYELLKGDFSVMKITKITTYR
CUTTED1408,Non-AMP,0.4064,GGDLVAVGGKVALLPIPLGTADFLVHHIHAFTIHVTVLILLKGVLFARSSRLIPDKANLG
CUTTED2010,AMP,0.9974,GAIKGAVIGGTGGAILGKMKMGTSALWALWLLLALCWAPRESGAT
CUTTED2357,Non-AMP,0.013,DDEGFGGGGGFGGDRGDRGDRGDRGERSFGGEGMPSVK
CUTTED1091,Non-AMP,0.023,IIPSVEICKKTVKDLLSFEEDLGKRDWEAWLRLINMM
CUTTED308,Non-AMP,0.0195,SGPSNKLVNTTVIVYDKRFINLKRRRKTMLEAVAGRK
CUTTED2122,Non-AMP,0.0049,ERMFAQDPTKAERMKVYYQHLNQVRIEMINNLKATQAQIAVQKKAIL
CUTTED1099,Non-AMP,0.0006,SITSIQAVYVPADDLTDPAPATTFSHLDATTVLSRNLAAKGIYPAVDPL
CUTTED1818,Non-AMP,0.0001,NAKTDEYVDMLKAGIIDPKKVTRVALENAASVAGMILTTE
CUTTED13,Non-AMP,0.0002,CHGMVYNDLLQNPLIVPVKVLRGHAIHRDLGVLDVTFHPTQPWVFSSGAD
CUTTED869,Non-AMP,0.0027,AEGQCWQSDWRLSESEAVAARECNLENICQTLLQLGQMNPNTPPTP
CUTTED1464,Non-AMP,0.0066,MWASIFGGKGNTNKELPKKAIIELREHINLLSKKQAHLQGQ
CUTTED501,Non-AMP,0.0207,GKDEYIKIETDEFSAVCPFSGLPDIGRVIIEYYPDGGKIVELKSLKYYF
CUTTED253,Non-AMP,0.0083,DAPQSAFLRQYRALSQLPACIAPKPHLYLRDWMVVDYLPGAVKTYL
CUTTED1546,Non-AMP,0.0024,KKIALKFIFIDQLELPPRIYNCLKKSNIHTLLDLLNNSQE
CUTTED1177,Non-AMP,0.0004,SNRHKDLGEAAASMMNPLIIKLGGVLLDSEEALERLF
CUTTED2241,Non-AMP,0.063,QDALIKTCEKAGITLTLFHGRGGSIGRGGAPAHAALLSQ
CUTTED1700,Non-AMP,0.0003,KKIFTNIGEMVFKMHEGEIIHGDLTTANILIKDDKPIFIDFGLGKYSNLLEDKGTDL
CUTTED2315,Non-AMP,0.0086,AMETLQMKEAALVYLDRSGGLQKFIDDCKSYNDSKQSYAVYRFS
CUTTED2005,Non-AMP,0.0181,CAGAPSSVRRRFGSTVNSRLTQTGDKPSAIKNGISAGLSSGKAPSSAELLNR
CUTTED755,Non-AMP,0.4118,RALWKQAGIKGFYRGCGITVLRSAPSSAFIFMVYDGLKKYFPMAMADQLTDEQIAEFKEA
CUTTED1906,Non-AMP,0.0002,YVTPEEFEHYKYIAYSKGFLVVASSPLTRSSYHAEED
CUTTED2084,Non-AMP,0.0007,SAKEQELIDLTARACDAIGIEGWGRLDVMQDEQGRFW
CUTTED2041,Non-AMP,0.0007,RIVGEGAYSRLKFESGGHRVQRVPETESQGRIHTSACTVAVMP
CUTTED1402,Non-AMP,0.0045,LTLEQQWVSKEGLIQHRLSTASFSDLCATERWGEPPPGNPRDAGLQM
CUTTED2314,Non-AMP,0.0008,LDANRAWTPLKGQQFAKYVNPDYRHRIAFLEEPCKTRDDSR
CUTTED2046,Non-AMP,0.1984,TPEAAAEACDKIGGTEWVVKAQVHAGGRGKAGGVKLV
CUTTED1617,Non-AMP,0.1432,KYRPRKKPKVDPSASKPASLAQSPEKSPKSRSAGKKCPKLK
CUTTED402,AMP,0.581,ASRINDAAGRYIEFCKSSVPTSTDFSGLKLVIDCAHGATYKVAPSVF
CUTTED461,Non-AMP,0.0083,LQESDAAPLPLSCHLAAHRALQGRSRGGLSGCPERGLSDHS
CUTTED2031,Non-AMP,0.0006,PRKKVYEQALMVRKVKSYLEGLHVVDNEMELDSMSYDIEPQVQTAHRGANSSSTA
CUTTED2016,Non-AMP,0.02,TVHHPNAEEFLRRDCRNVANFFRRQGADADGDSLYEFVTGDEGEDGDGDEMA
CUTTED117,Non-AMP,0.0003,IELSDFVRGNEKARERMKAQYSIAGMTSGVVVGTDHA
CUTTED1800,Non-AMP,0.0004,DFHVRMATLDQRKAELERKEYQLQESLLKFDRFLKENDARRERAEQKAAS
CUTTED1719,Non-AMP,0.0025,YGIVSTDRDDHMIFHLGMSGRWRTEGGEPGKHDHLLLETGAGHR
CUTTED1953,Non-AMP,0.0028,IAIINSNVKHDLVTGEYNSRRQECEFAAQFFGVKALRDVSP
CUTTED1218,Non-AMP,0.0007,AGEKAQEFEAFERFGLSVGVSTGNYERDGARLADNDIVVATSEKVDSLVRNG
CUTTED613,Non-AMP,0.0015,RCALTNAASVSSLMLTTETMIAEAPKKESAAPAMPGHDGMGGMGGM
CUTTED1448,Non-AMP,0.009,LDDPKYGHYKYWSNPLETKLPEAPEMEMYCLYGVGIPTERSYIYKLA
CUTTED2323,Non-AMP,0.0001,FNVEIIIKPESSRISISSFNTIKLEVAYNALNKIIEA
CUTTED1103,Non-AMP,0.0177,PVDIYLPGCPPKPEAIIDAIIKLREKIAQEISEDRNE
CUTTED195,Non-AMP,0.0033,AHSEVNPNTRVMNSRGIWLSYVLAIGLLHVVLLSIPFVSVPVVWTLTNLIHNLGM
CUTTED615,Non-AMP,0.0002,REGILVGCGSGSILIQELQLEGRKRLPTAEFLAGFRLEPGT
CUTTED2413,AMP,0.9285,FTQPLTNRSIIAGYNAILCCAVRGSPKPKISWFKNGLDLGEDARFRMFCKQGVLTL
CUTTED1326,Non-AMP,0.0002,ITIMHRDNIKRLLAGKERKLNEKSRMARVTVEDCLDKVETRFDLVVLASMRANKILKNGYSESMENEKKEKATVVALREIAESEITPEQILRNEIE
CUTTED1454,Non-AMP,0.0006,RADELYVSPGLALATPALQQAHARGAKLSGDIELFARYAKAPVIAITGSNAKSTVTTLVGEMAAAAGKRVAVGGNLGTPALDLLSDDVELYVMELSSFQ
CUTTED191,Non-AMP,0.0026,RLVGVSTALDMILTGKQLRARQALKAGLVDDVVPQTILLEAAVELAKKERLAQRTLPVRERILAGPLGRALLFRLVRKKTAQKTQGNYPATERIIDVIETGLAQG
CUTTED965,AMP,0.9957,VDWLIKNAKDAIDKLDVLPAWQPTAGGAGAGNAAAPPSSSTHPDSAENSDDQAQAITVAHTAFDFAGGGSGGTSFLPPSLDSDAIADTIKSFFPMGGTAGGEASSSTTAAQSSAMGFQSYTPDLLSRTGSQSQELRLSLQSLPDPMFHHQQHRHGGGGGGGNGTTQQALFSGAANYSFGGGAMWATEQQAQNQRMLPWNVPDPGGGGGAAYLFNVSQQAAHMQAAAAALGGHQSQFFFQRGPLQSSNQPSERGWPETVEADNQMSHHQGGLSPSVSAAIGFAAPGIGFSGFRLPARIQGDEEHNGGGGGNGDKPPPPSSVSSASHHYSPALNKMFCQLAKTCPVYLRISSPPPPGTRVRAMAIYKKSEFMTEVVRRCPHHERCSDSSDGLAPPQHLIRVEGNLRAEY
CUTTED1462,Non-AMP,0.0536,RGRWQLEAAGPPSMVLSPADKSNVKATWDKIGSHAGEYGGEALERTFASFPTTKTYFPHFDL
CUTTED744,Non-AMP,0.0002,YTSQLSALETLLKQHSGPIVFAGDFNSWSEYRITAMKQALREANLREVQFSPDHRTQFITGLPLDHVFYRGLTLKNA
CUTTED173,Non-AMP,0.0068,MALPLLKPALESDEALAARVETIHRELVASMFLCGAARIRDMRRARLFITGRTRQMMDDGNPAMSTQPAPPPEAPSNLLHVQFKNPEFLSYLSHLQSTGQVSLGRDSSCAKFDPAHPLTEHNVMAYF
CUTTED841,Non-AMP,0.0226,AEMRENARAEGRPPRYDGRWRDRDISEAPKGVKPVIRIKAPQDGETVLHDRVQGDVRFPNKDLDDFIILRSDGSPTYMHAVVVDDHDMGVTHIIRGDDHLTNAARQTIIFNALGWDIPVMAHIPLIHGENGAKLSKRHGALGVDAYRIMGYLPAALRNYLVRLGWSHGDDELMSIESMIFWFDIDDINKSAARFDLKKLDAINGHYIRMNNDQDLFDAVLNILPEIEGGLEIIERLDEQRRAQFLAAIPNLKERSKTLRELIDNASFIFTKRPLLLDEKAQILLDKNGQAILNGL
CUTTED110,Non-AMP,0.2263,RYRCLALKGFHPDPEALKGFHPDPDALKGFHPDPEALKGFHPDPEALKGFHPDPEALKGFHPDPEALKGIHPDPEALKGIHPDPEALKGF
CUTTED893,Non-AMP,0.2568,ELKLFPASTSDGSAYKAPGTFMNQGYTQLSAPELKETKTSKLNKMNNFRSSPIAEIINKIPPDCGKIQNTTFPEFNPALRRRQHEQWPAYEKPIRVTDSMSPQ
CUTTED1235,Non-AMP,0.0055,HNLVQLAERAGMNVQILRNKLNPSQPHLLTAPEIWLLTDLTEDSTLVDGFLAQIHCLPCVPINEVAKEKLPHYVMSATAEIGRVAAGAVSGDVK
CUTTED2081,Non-AMP,0.0036,LADVTDRLLGLELDRGDLVTAFGGGVVGDLAGFAAAIYKRGIDFIQIPTTLLAQVDSSVGGKTAIDTPRGKNLVGAFHQPRLVLADL
CUTTED1851,AMP,1.0,TGADMACPSLACCLLGLLALTSACYIQNCPLGGKRAALDLDMRKCLPCGPGGKGRCFGPSICC
CUTTED2409,Non-AMP,0.0011,SKSTRVGLIACGYADGYPRRAPSNSPVAVDGKLTRVIGRISMDMMTIELDASQEGLGHEVELWGD
CUTTED2116,Non-AMP,0.0001,MVRLREIPRTATFAWSPGPTQPLIATGTKAGAVDADFSNDTQLELWELKLDDAEQGVELQPVATVSVDSRFNDIAWSQPSEQHPRGIIAGALDSGALVLWDA
CUTTED1683,AMP,0.9819,NKKDLAVNDHGLTCPSTTDCSDRCSDYINPEHKKTIKALQDAGYLKMSHPALTRLRALRYFDAIPALEPHLLDWLLLEDSMTKRFEQQGKRVSVTLIREAFVGQSEVEEASGLLPSESRYWLREILLCADGEPWLAGRTVVPESTLCGPEQVLQHLGKTPLGRYLFTSSTLTRDFIEIGRDATLWGRRSRLR
CUTTED561,Non-AMP,0.1707,QAEVDKFRRDHAMTVAGNNVPSPVETFDEAGFPRYVMDEVKAQGFPAPTAIQSQGWPMALSGRDVVGIAETGSGKTLTYCLPAIVHIN
CUTTED2174,Non-AMP,0.0046,MDDFAQEIATCSSRNGNPAPQIMWYRNGQPLAVPLEVNSEGYMTTRTVREASGLLSLTSTLYLRLHKPDREASFHCSVHYYLPAGQHGRLD
CUTTED364,Non-AMP,0.0022,HIMTSKKQELQHFPSSLAFLNLTQNDFACTCEHQSFLQWIKDQRQLLVEVERMECATPSDKQGMPVLSLNITCQMNKTIIGVSVLSVLVVSVVAVLVYKFYFHLMLLAGCIKYGRGENVYDAFVIYSSQDEDWV
CUTTED10,Non-AMP,0.0201,FESDRGSLTIESVNPARGTVKFQGIDSVDEAKKYTNAYLYSDEETTKKSFPLGEDEYFWFDILGCDVFEEGKRLGKVVDIQRLP
CUTTED2391,Non-AMP,0.1677,EEILGKVDVDVKVEGGGFMGQAEAARIAIARALVEWTGDMNLKEKFMKYDRTMLVGDSRRTEPHKPNRSTKGPRAKRQKSYRMIRIEDIISLAKRKGFVFQSSEVYGGLSGVWDYGPLGIELKQNIQKEWWKNMVYSHENVVGLDSSILMRSEVWTASGHVESFAELLVDCKNCKNRFKIDSIDFSKGCPNCNSMGTFTDPRSFDLMFKTNIGAVEDSSNEIYLRPETAQG
CUTTED1761,AMP,0.9841,LVMGRYAKEPDNPAKSCKARGSNLRVHFKNTRETALAIKRMPLRRAQKFLKNVCEKKECVPFRRFNGGVGRCAQAKHWNTSVGRWPKKSAEFLLQLLKNAEANADYRGLDVDRLVVDHIQ
CUTTED2028,Non-AMP,0.0001,LFIQVKGKKSRHQKEDSLSWSNSAYLSLDDDAFTAPFHRDGMLSLKQLLSFLSITDFQLPDE
CUTTED1152,Non-AMP,0.0007,GRNFGVKINANIGNSAVTSSIEEEVEKLVWAIRWGADNVMDLSTGRNIHTTRDWIVRNSPVPIGT
CUTTED2433,AMP,0.9653,KAEAANGNGPVDAVYQAINRITDYNVELVKYSLTAKGHGKDALGQVDIVANYNGRRFHGVGLATDIVESSAKAMVHVLNNIWRAA
CUTTED164,Non-AMP,0.0416,GKQWLSGEELLVDKAQLLTLTAPEMTVLVGGLRVLGANANGSKHGVFTAQTETLSNDFFVNLLDMGVAWTPVDKGEHTFEGRDRKSGAVKWTATRADLIFGSHSQLRALAEVYASSDAKQKFVKDFV
CUTTED405,Non-AMP,0.0026,PGEAAETDSELSASSEEEELYLGPSGPTRGRPTGLRVAGEAAETDSDTEPEPKAAPRDLPPLVVQRETAGETWGE
CUTTED111,Non-AMP,0.0001,IISSTPTLAAGLNLPARRVIIRSYRRYSSDSGMQPIPVLEYKQMAGRAGRPRLDPYGEAVLLAKSYEEFVFLFEKYIEAGAEDIWSKLGTENALRTHILSTI
CUTTED771,Non-AMP,0.0038,DLFWAAGDQQARGFLIGGTSGKTTLNGEGLQHGDGHSHIQALTIPNCISYNPAYAYELAVIVHDGLQRMYGPSQENIYYYITTMNENYVM
CUTTED791,Non-AMP,0.0553,LLLEILAILSMILGNLIAITQTSMKRMLAYSSIGQIGYVIIGIIVGDSNDGYASMITYMLFYISMNLGTFACIVLFGLRTGTDNIRDY
CUTTED1002,Non-AMP,0.0013,TRSLASIKRAREKEKRKLVSQVPEKVYREVTIPEVIGVGDLANAMSERVADVIKELMKLGILA
CUTTED263,AMP,0.9603,MGERQSWHSYIPYTDRIEYLGGCVNEMPYVLAVEKLAGITVPDRVNVIRVMLSELFRINSHLLYISTFIQDVGAMTPVFFAFTDRQKIYDLVEAITGFRMHPAWFRIGGVAHDLPRGWDRLLREFLDWMPKRLASYEKAALQNTILKGRSQGVAAYGAKEALEWGTTGAGLRATGIDFDVRKARPYSGYENFDFEIPVGGGVSDCYTRVMLKVEELRQSLRILEQCLNNMPEGPFKADHPLTTPPPKERTLQHIE
CUTTED2234,Non-AMP,0.2677,LLKNKIRNFFTKVNPNLLFGLKKVYEPSENQKDSIISNKITHESTVQIPSSNWTNYSPIEKKMKDLSDRTITTRSQIERITKDKQKGFLTS
CUTTED1891,AMP,0.9917,TQFGPNEDFNSYPRDIDKDFKYCMDSGATVVFNPSPEEMYLKGNCTTINVSGLTDFLCGAKRPVHFGGVCLVVS
CUTTED1875,AMP,0.6083,DHLAHKARAAGAQAVAGMEARGFIFGAAVAARMGLGFIPVRKPGKLPVKTIGIDYALEYGRDRL
CUTTED777,Non-AMP,0.0003,LSLGILISASFWRKESFILSVIYSLIYLSLGMVMLFISTLLMSRLLKLNFEEEVKKENFSASLVLGSITLGVSVVLYGAISGEFMGSLIFDLFSTVLYFVVSQVLMVIFYVVVEFLLFRKVILSSEVYENNLSASLILSATFIASAFITLAVM
CUTTED2365,Non-AMP,0.0119,AHLGLTPQSVGVLGGYKVQGKDAESAKKLIEDAKKCEEAGAIALVLECVPMQLAELISEQLTIPTIGIGAGQ
CUTTED521,Non-AMP,0.0021,PYQAVAIGQGYYTATEFLEKNYKEDLTIEDTILLALKALSATLKPNEKLTPNTVEIGYASTQTGLFLKMTSEDKNMYLQKLMTVAKAIFIKCGNLGTSMMMDMLLDERADREDVEFRVVGTSVKMDPECVEAAVEMALDIAEDFEPDFIVYGGPNPAAPGPSKAREMLADSEYPAVIIGDAPGLKVKDEMEEQGLGYILVKPDAMLGARREFLDPVEMAIYNADLMKVLAATGVFRVVQEAFDELIEKAKEDEISENDLPKLVIDRNTLLEREEFENPYAMVKAMAALEIAENVADVSVEGCFVEQDKERYVPIVASAHEMMRKAAELADEARELEKSN
CUTTED941,Non-AMP,0.3857,TLLGCENSDAILFGSVGGKKWDYLSIDKRPERAALLPLRKHFNLFSNLRPAKLYADLKYLSPLRSNIIKDGFDILCVRELTGGIYFGKPNGHSKKNDIEYAFDTEVYYDYEISRIAHLAFQLAR
CUTTED9,Non-AMP,0.0005,KASERVHVETGVFQAHMLVSLTNDGPVTILLDSRKQFMAKIVDIKGREVLDSRGNPTVEADVILDNGIVGSACAPSGASTGSREALELRDG
CUTTED108,AMP,0.9999,GPSCPPPGGPYPAPTVPGPGPTGPYPTPNMPFPELPRPYGAPTDPAAAGPLGPWGSMSSGPWAPGMGGQYPTPNMPYPSPGPYPAPPPPQAPGAAPPVPWGTVPPGAWGP
CUTTED963,Non-AMP,0.0009,ATLGIPLMRSQVGDRYVLEMLQCNGYSLGGESSGHIICLDRTTTGDGIVSALQVLVEMVATGHSLYELKSG
CUTTED1814,Non-AMP,0.0055,EPEKSKVALVYGQMNEPPGARARVALSGLTIAESFRDMNEGQDVLFFVDNIFRFTQAGSEVSALLGRIPSAVGYQPTLATDM
CUTTED1496,AMP,0.9996,MMRSLATAFAFATVIPTPGSATTPMGRGPMTALPVVGAALGALAAAIAWAGAQVFGPSSPLSGMLTVAVLLVVTRGLHIDGVADTADGLGCYGPPQRALAVMRDGSTGPFGVAAVVLVIALQGLAFATLTTVGIAGITLAVLSGRVTAVLVCRRLVPAAHGSTLGSRVAGTQPAPVV
CUTTED1633,Non-AMP,0.004,NFVQNVTDVDDPLFERAQRDGVDWQELGEEQTDLFRQDMANLGVIPPTSYIGAVEAIPDVIDMVSTLLDNGS
CUTTED876,Non-AMP,0.0005,GEQIGIVSIDEALRVAEEAKLDLVEISADAVPPVCRIMDYGKHLFEKKKQVAAAKKNQKQVQI
CUTTED1201,AMP,0.9598,FGDGGADVLPLAGLSKRRVRAVARALGGDELIVMKVPTADLEELRPLRPDEHAYGVTYDEIDDFLEGKTVSDTVYETVLRFYDGSRHKRALPYTLFDWPTAMIKIINLKKFLFPWISTDISKIKLNSIKLNSKKIIKNDIFIALYGNCNHGKNFIFEAIKNGSSIILIETKNILKHGIIYFIKNIPIIYFYNLNYSLSELSGKFYLHPSRYMNVIGITGTN
CUTTED774,Non-AMP,0.3638,DMTYLIEHLDIIKQFEQSQRGMPVEFATNPFGEAKNATSLPKYGTPVTAISSVLFNNVDSIFAYKSFSQPDLLHQDLKKWSEKRGNESRGKPFFQELDIRSGAGLAPLGFSHGLKNTTAIVAPGFSLPYFINSLKTVSHDGKFLLNVGALNYDNATGSVTNDYVTALDAASKLKYGVVTPISANEVQSVALLALAIATFSNNSGAINLFDGLNYSKTVLPLVESVPEASILAKLSKVIAPDAAFDDVLDKFNELTGLRLHNFQYF
